Strain_ID,Node_1,Node_2,Node_3,Node_4,Node_5,Node_6,Node_7,Node_8,Node_9,Node_10,Node_11,Node_12,Node_13,Node_14,Node_15,Node_16,Node_17,Node_18,Node_19,Node_20,Node_21,Node_22,Node_23,Node_24,Node_25,Node_26,Node_27,Node_28,Node_29,Node_30,Node_31,Node_32,Node_33,Node_34,Node_35,Node_36,Node_37,Node_38,Node_39,Node_40,Node_41,Node_42,Node_43,Node_44,Node_45,Node_46,Node_47,Node_48,Node_49,Node_50
S0001,0,0,1,0,0,0,0,1,1,0,0,0,1,0,0,1,0,1,1,1,0,1,1,1,0,1,1,1,1,0,1,0,1,0,0,0,0,1,0,0,1,1,1,0,0,1,0,0,0,0
S0002,0,1,0,0,0,0,0,0,0,0,1,1,0,1,0,0,0,0,1,0,0,1,0,1,0,1,0,1,1,1,1,1,1,1,0,1,1,1,1,0,1,0,0,1,1,1,1,0,0,0
S0003,1,1,1,0,0,0,0,0,1,0,1,1,0,0,0,0,0,0,0,1,1,0,0,1,0,1,1,0,1,0,0,1,0,1,1,1,0,0,1,1,1,1,0,1,0,0,1,1,1,0
S0004,0,0,1,0,1,1,0,0,1,1,1,1,0,1,1,0,0,1,0,0,0,1,0,0,0,1,0,0,1,0,1,0,1,0,0,0,0,1,1,0,0,0,1,1,0,0,0,1,0,0
S0005,1,1,0,1,0,0,0,0,0,0,1,1,0,1,1,0,0,0,0,1,0,1,1,1,1,0,0,1,1,1,1,0,1,0,1,1,0,1,0,1,0,0,0,1,1,0,1,0,1,1
S0006,0,0,1,0,1,1,0,1,1,1,1,0,1,1,0,0,1,0,1,0,1,0,1,0,1,0,1,1,1,0,1,0,1,0,1,1,0,1,1,0,0,1,0,0,1,0,1,0,1,0
S0007,1,1,0,0,1,0,0,0,1,1,1,0,1,1,1,1,0,1,1,1,0,1,0,0,0,1,0,0,1,1,1,1,1,0,1,1,1,1,0,1,0,1,1,0,1,1,1,1,0,1
S0008,1,1,0,1,1,1,0,1,1,0,1,1,0,1,1,1,1,0,0,0,1,1,1,1,0,0,0,0,0,0,0,0,1,0,1,0,0,0,0,0,0,0,1,1,0,0,0,0,1,0
S0009,0,0,1,0,0,0,1,0,0,0,0,1,0,0,1,1,0,1,0,0,0,0,0,0,1,1,1,0,0,0,1,1,0,0,0,1,1,0,0,1,1,1,0,1,0,1,1,1,0,1
S0010,0,0,1,0,0,0,1,1,0,0,0,0,1,1,1,1,1,1,0,0,0,1,1,0,0,1,0,0,1,0,0,1,1,0,0,0,1,1,0,0,0,1,0,1,1,1,0,1,1,1
S0011,0,1,0,1,0,0,0,1,1,1,0,1,0,0,0,1,1,0,1,0,0,0,1,1,1,0,1,1,0,0,1,1,0,1,0,0,1,0,1,0,0,1,0,0,0,0,0,0,0,1
S0012,1,1,1,1,1,0,1,1,1,0,1,0,0,1,0,1,1,0,1,1,0,0,1,1,0,1,0,1,1,0,0,0,1,1,0,0,0,1,0,0,0,1,1,1,0,0,0,0,1,1
S0013,1,1,1,1,1,1,1,0,0,1,1,0,0,1,0,1,1,1,0,1,1,0,0,0,0,0,0,0,1,1,0,1,0,1,0,1,0,1,0,0,1,0,1,0,1,0,0,0,0,1
S0014,1,1,1,0,0,0,0,0,1,0,0,1,1,1,0,0,0,0,0,0,0,1,1,1,0,1,1,0,0,1,0,0,1,0,0,1,1,1,1,1,0,0,0,1,1,1,0,1,1,0
S0015,0,0,1,0,0,0,1,0,1,1,1,1,1,0,1,0,0,0,0,0,1,1,1,1,1,1,0,0,1,0,1,0,0,0,1,1,0,1,0,1,1,1,1,1,0,1,0,1,1,0
S0016,0,0,0,1,1,1,1,1,1,0,1,1,0,1,1,0,1,1,1,1,0,0,0,0,1,1,0,0,1,1,0,1,0,1,1,1,0,0,1,0,0,0,1,0,0,0,0,0,1,1
S0017,0,0,0,1,1,1,0,1,1,0,0,0,0,1,0,1,1,0,0,1,0,0,1,0,0,0,0,1,0,1,1,1,0,0,0,0,1,0,0,1,1,1,0,1,0,1,1,1,1,0
S0018,0,0,1,0,0,0,0,1,0,1,1,1,1,1,0,1,1,1,1,1,1,1,0,0,0,0,0,1,0,1,0,0,0,0,1,0,1,0,1,0,1,0,0,0,0,1,1,1,1,0
S0019,1,1,0,1,1,1,1,0,0,1,1,0,1,0,0,0,1,1,1,0,0,0,1,0,0,1,1,1,0,0,0,0,1,1,0,0,1,0,1,1,0,0,1,0,0,0,0,0,1,1
S0020,1,1,1,0,0,0,1,1,0,0,0,0,0,0,1,1,1,0,0,0,1,1,0,0,0,1,0,0,0,0,1,0,1,1,0,0,0,0,0,1,0,1,0,1,0,0,1,1,0,0
S0021,1,1,0,1,0,1,0,1,1,1,1,1,1,0,0,0,0,0,0,1,1,1,1,1,0,1,1,1,1,0,0,0,1,1,1,0,1,0,0,1,0,0,0,1,0,1,1,0,0,1
S0022,0,0,0,1,1,1,0,0,0,0,0,1,0,0,1,1,0,0,0,0,1,1,1,1,0,0,1,1,0,1,0,0,0,0,1,0,0,1,0,0,0,1,1,1,1,1,1,0,0,1
S0023,1,1,0,0,1,0,0,0,0,1,1,1,0,1,0,0,1,0,1,1,1,1,0,1,1,0,0,1,1,1,1,0,0,1,1,0,0,1,1,1,1,1,1,1,1,1,0,0,0,1
S0024,1,1,1,0,1,1,0,1,0,1,1,1,1,0,0,0,1,0,1,0,0,0,0,0,0,0,1,0,0,0,0,0,0,1,0,0,1,0,0,0,1,1,1,0,1,1,1,0,0,1
S0025,1,0,0,1,0,0,1,1,1,0,1,1,0,1,1,0,0,1,1,1,0,1,0,1,0,1,0,0,0,0,0,1,0,1,1,0,0,0,0,1,1,1,1,1,0,1,1,0,1,0
S0026,1,1,1,0,1,1,0,1,1,0,0,1,1,0,1,0,1,0,1,0,0,1,0,1,1,0,1,0,1,1,0,1,1,1,1,0,0,1,0,0,1,1,1,1,0,0,1,0,0,0
S0027,0,0,0,0,0,0,0,0,0,0,1,0,0,0,0,0,0,1,0,1,1,1,0,1,0,0,0,0,1,1,1,1,0,1,1,1,0,0,0,1,0,1,0,0,0,1,0,1,1,0
S0028,0,0,0,1,0,0,1,1,0,1,1,0,0,1,1,0,1,1,1,0,1,0,1,0,1,1,1,0,0,1,1,0,0,1,1,1,1,0,0,1,0,1,1,1,0,1,1,1,0,0
S0029,1,1,0,1,1,1,0,0,1,1,0,0,1,1,1,1,0,1,1,1,0,1,0,1,0,0,0,0,0,1,1,1,0,0,1,1,1,0,1,1,1,0,0,0,0,1,1,1,0,1
S0030,0,0,1,0,0,0,0,0,0,0,1,0,0,0,1,1,0,1,0,0,1,0,0,0,1,1,0,0,0,0,1,1,0,1,1,0,1,1,0,0,0,0,0,1,1,0,1,0,1,1
S0031,0,0,0,1,1,0,1,0,0,0,0,1,1,1,0,0,1,0,1,1,0,0,1,0,1,1,1,1,0,1,0,1,1,1,1,0,1,0,0,1,1,0,1,0,1,0,0,0,1,0
S0032,1,1,0,1,1,1,1,1,0,1,1,0,0,1,1,1,0,1,1,1,1,0,0,0,1,1,1,0,1,1,0,1,1,1,1,1,0,1,1,0,0,0,1,0,1,0,0,0,1,0
S0033,1,1,0,1,0,1,1,1,0,1,0,0,0,0,0,1,1,1,1,1,0,1,1,1,1,0,0,0,0,0,1,1,0,0,1,0,0,0,1,1,0,1,0,0,0,0,1,1,1,1
S0034,1,1,0,1,0,0,1,1,0,1,0,0,0,1,1,0,1,0,1,1,1,1,1,1,0,0,0,1,0,1,0,1,0,0,0,0,0,1,0,0,1,1,1,1,1,0,1,1,0,0
S0035,0,0,1,0,0,1,0,0,0,0,0,1,1,1,0,0,1,0,1,1,1,1,1,0,1,1,1,1,0,1,0,0,0,1,1,0,0,0,0,0,0,1,0,0,0,1,0,0,1,0
S0036,0,0,1,0,0,0,0,1,0,0,1,0,0,1,0,0,0,1,1,1,0,1,1,0,0,1,1,1,1,0,0,1,0,1,0,0,0,0,0,1,1,0,0,0,0,1,1,0,0,0
S0037,1,1,0,1,1,1,1,0,1,0,0,1,1,0,0,0,0,0,0,0,0,0,1,0,0,1,1,1,1,1,0,1,0,1,0,0,1,1,1,0,1,1,0,1,0,0,0,1,0,1
S0038,1,1,1,1,1,1,0,1,0,1,1,0,0,1,1,1,0,0,0,1,0,1,0,0,0,0,1,1,0,1,1,1,1,1,1,0,0,1,0,0,1,0,1,1,1,1,1,0,0,1
S0039,1,1,1,0,0,0,0,0,1,0,0,0,1,0,0,0,1,0,1,0,0,0,0,0,1,1,1,1,1,1,0,1,1,1,1,1,0,1,1,0,1,1,1,0,1,0,1,0,0,1
S0040,1,0,0,1,0,0,0,0,1,1,0,1,0,0,1,1,1,0,0,0,0,1,0,0,0,1,1,0,0,0,1,0,1,1,1,0,0,1,1,0,1,1,0,0,0,0,1,1,0,1
S0041,1,1,1,0,1,0,0,0,0,0,1,1,1,0,1,1,1,1,0,0,1,1,1,1,1,1,0,0,0,0,0,0,0,1,0,0,0,1,1,1,1,0,1,0,1,0,1,1,1,0
S0042,1,1,1,0,1,1,0,0,1,1,1,0,1,0,0,0,1,1,0,0,1,1,0,0,1,1,0,0,1,1,1,1,0,1,1,1,1,1,0,1,0,0,0,0,1,1,0,0,1,0
S0043,0,0,0,1,0,0,0,1,0,1,0,1,1,1,1,1,1,1,0,1,1,1,1,0,1,1,1,0,1,0,0,1,1,1,0,0,0,1,0,0,0,0,1,1,0,0,1,0,0,1
S0044,1,1,0,0,0,0,0,1,1,1,1,1,1,1,0,0,1,0,1,1,0,0,1,0,1,1,1,0,1,1,0,1,1,0,1,0,0,0,0,0,1,1,0,1,0,0,0,1,0,0
S0045,1,1,1,0,1,1,0,0,0,0,1,0,1,1,1,1,0,0,1,1,1,0,1,1,0,0,0,1,1,1,1,0,1,0,1,1,1,0,0,0,0,1,0,1,0,0,1,0,0,1
S0046,1,1,1,0,0,0,1,1,0,0,1,1,1,0,0,0,1,0,0,1,1,1,1,1,0,0,0,1,0,0,1,0,0,1,1,0,0,0,1,0,0,1,1,0,1,1,1,0,0,1
S0047,0,0,0,1,0,0,1,0,0,0,0,1,0,0,1,1,0,0,0,0,0,0,0,1,0,0,1,1,1,1,0,1,1,0,1,0,0,1,1,1,0,0,0,1,0,0,1,0,1,1
S0048,1,1,0,1,1,0,1,1,1,1,0,1,0,0,1,1,1,0,0,0,1,0,1,0,0,0,1,0,0,1,0,1,0,0,1,0,0,0,1,1,1,0,0,1,1,1,0,0,0,1
S0049,0,0,0,1,1,0,1,1,1,1,1,1,1,1,1,0,1,1,1,0,1,0,1,1,0,0,0,1,1,0,0,1,1,0,1,0,1,0,1,0,1,1,1,1,0,1,1,0,1,1
S0050,1,1,1,0,1,1,0,1,1,1,0,1,1,0,1,1,1,0,1,0,0,1,0,0,0,0,0,1,0,1,0,0,1,0,0,1,1,1,0,0,0,1,1,1,1,1,0,1,0,1
S0051,0,0,1,0,1,1,0,0,0,1,1,1,1,1,0,1,0,1,0,0,0,0,0,1,0,0,0,0,1,1,0,1,1,0,0,1,1,1,0,0,1,0,0,1,0,1,0,0,1,0
S0052,1,1,1,0,1,0,1,1,1,1,1,1,0,1,1,1,0,0,1,0,0,0,1,1,1,0,0,1,0,1,0,0,0,0,1,0,0,1,0,1,1,0,0,1,1,0,1,0,0,0
S0053,0,0,0,1,0,1,1,1,0,0,1,1,0,0,1,1,0,0,1,1,0,1,1,1,1,1,0,0,0,1,0,1,1,1,1,1,1,0,1,1,1,1,0,0,1,0,0,1,1,0
S0054,0,0,1,0,0,1,1,0,1,1,1,1,0,1,1,1,0,0,1,1,1,1,1,1,0,1,0,0,1,0,0,0,0,1,0,1,0,1,1,0,1,0,1,1,1,1,1,1,0,1
S0055,0,0,1,0,0,0,0,0,0,0,1,1,1,0,0,0,0,1,1,1,1,0,1,1,1,0,1,1,0,1,1,0,0,0,1,0,0,0,1,0,1,0,0,1,1,0,0,1,1,0
S0056,1,1,0,1,0,1,0,1,0,0,0,1,0,1,1,0,1,1,0,1,1,0,1,0,0,1,0,0,1,1,1,1,0,0,0,1,0,0,0,1,0,0,1,1,0,1,0,1,0,1
S0057,0,0,0,1,1,1,0,1,0,1,1,0,0,1,1,1,1,1,1,1,0,0,1,1,0,1,1,0,0,1,1,1,1,1,1,0,0,0,0,1,1,1,1,0,1,1,1,0,0,0
S0058,0,0,1,0,1,1,0,1,0,0,0,1,0,0,1,0,0,0,0,0,0,0,0,0,1,0,1,1,0,1,0,0,0,0,1,0,1,0,1,0,0,1,0,1,0,1,1,1,1,1
S0059,1,1,1,0,1,1,1,1,1,0,0,1,0,0,0,1,0,0,1,1,1,0,0,1,0,0,0,1,0,0,0,1,0,1,1,0,1,0,0,0,1,1,0,1,0,1,0,0,1,0
S0060,0,0,0,0,1,1,1,1,0,1,1,0,1,1,1,1,0,1,1,1,1,1,0,0,0,1,1,0,0,1,1,0,1,1,1,0,1,1,1,0,1,1,0,0,1,1,1,1,1,1
S0061,1,1,1,0,0,0,0,0,1,0,1,1,0,1,0,0,1,0,1,0,0,1,1,0,1,1,0,0,1,0,0,0,0,1,0,0,1,0,1,1,0,1,0,0,0,1,1,0,1,1
S0062,1,1,0,1,0,0,1,0,0,1,1,0,1,0,1,0,1,1,1,0,1,1,1,0,1,1,1,0,0,0,0,0,1,0,0,1,1,1,1,0,0,0,1,1,1,0,1,1,1,0
S0063,1,1,1,0,1,0,1,0,1,0,1,0,0,1,0,1,1,0,0,1,1,0,1,0,1,0,0,1,1,0,1,0,0,1,1,0,0,1,0,0,1,1,0,1,1,1,0,1,0,0
S0064,0,0,1,0,1,1,0,1,0,0,0,1,0,1,1,0,0,0,1,0,0,1,0,0,1,0,1,0,1,1,1,1,0,0,1,0,0,0,0,1,0,0,0,1,0,0,1,0,0,1
S0065,1,1,1,1,1,0,0,0,0,0,0,0,0,1,1,1,1,0,1,1,0,0,1,1,1,0,1,0,0,1,1,0,1,1,0,0,1,0,0,0,1,1,1,0,1,0,1,1,0,0
S0066,0,0,1,0,1,0,0,1,1,0,1,1,0,0,0,0,1,0,1,1,1,1,1,0,0,0,0,1,1,1,0,0,0,1,1,1,0,0,0,1,0,0,0,1,0,1,1,1,1,0
S0067,0,0,1,0,1,1,0,1,0,1,0,1,0,1,1,1,0,1,0,0,0,1,1,0,0,0,0,1,1,1,0,1,0,0,0,1,1,1,0,0,0,0,1,0,0,0,0,1,0,1
S0068,0,0,0,0,1,1,0,1,0,0,0,1,0,1,0,0,1,0,0,0,0,0,1,1,0,0,1,0,1,1,1,0,1,0,1,1,0,0,1,0,1,0,0,0,0,0,1,0,0,1
S0069,1,1,1,0,0,1,0,0,1,1,0,0,1,0,1,1,0,0,0,0,0,1,0,0,0,1,1,1,0,1,0,1,1,0,1,1,0,0,1,1,1,0,1,0,1,0,1,1,1,1
S0070,0,0,0,1,1,0,0,1,1,0,0,0,0,0,1,0,1,0,1,0,0,0,1,1,1,1,0,1,0,0,1,0,1,1,0,1,0,0,0,0,1,0,1,0,1,1,1,0,1,0
S0071,1,1,0,1,1,1,0,0,0,1,0,1,1,1,1,1,0,0,1,0,1,1,0,1,0,0,1,0,1,0,1,1,0,0,0,0,0,1,0,1,0,0,1,0,1,1,0,0,0,0
S0072,1,1,0,1,0,0,1,1,0,1,0,1,1,0,1,0,1,1,0,1,1,0,0,1,1,1,0,0,1,0,1,0,0,1,1,1,0,1,0,1,1,1,1,0,1,1,1,0,0,1
S0073,0,0,0,1,1,1,0,0,1,1,0,1,1,1,1,1,1,1,1,0,0,0,0,1,1,0,1,1,1,1,0,0,1,0,1,1,1,0,0,0,1,0,0,0,0,0,1,0,0,1
S0074,0,0,1,0,0,1,1,0,0,0,0,0,0,0,0,1,1,1,1,1,1,1,1,0,1,0,0,0,0,1,0,0,1,1,1,1,0,1,1,1,1,1,0,0,0,1,0,1,0,1
S0075,1,1,0,1,1,1,0,1,0,0,1,1,0,0,0,0,1,1,1,0,1,0,1,1,1,0,1,1,1,0,1,0,1,1,1,1,1,1,0,0,1,1,1,1,1,1,0,0,0,0
S0076,1,1,1,0,0,0,1,0,0,0,0,1,0,1,1,0,0,0,1,1,1,1,1,0,1,1,0,0,0,0,1,0,1,1,1,0,0,1,0,1,1,1,1,0,0,0,1,1,1,0
S0077,1,1,1,0,1,1,0,0,1,1,0,1,0,0,1,0,0,1,1,0,0,0,1,0,0,1,0,0,0,1,1,1,1,1,1,0,0,1,0,0,0,1,0,0,0,0,0,0,1,0
S0078,0,0,0,1,0,0,0,1,1,0,1,0,1,1,1,1,0,0,1,0,0,1,1,1,1,1,0,0,0,0,0,1,0,0,1,0,0,1,1,1,0,1,0,1,0,0,1,0,1,0
S0079,0,1,1,1,1,0,1,1,0,0,0,1,0,0,1,1,0,0,0,1,1,1,1,0,0,0,0,0,1,1,0,1,0,0,0,1,1,1,1,0,1,0,0,0,1,1,1,0,0,0
S0080,0,0,0,1,0,0,1,1,0,1,1,1,0,1,0,1,1,1,1,1,1,1,0,1,1,1,1,0,0,1,1,1,1,1,0,0,0,1,0,0,0,0,0,1,1,1,1,0,1,0
S0081,0,1,0,1,0,0,1,1,0,0,1,1,1,0,1,0,0,0,1,0,0,0,0,1,0,0,0,0,0,0,1,0,0,0,0,0,1,0,1,1,1,0,0,0,0,1,0,0,0,1
S0082,0,0,1,0,0,0,0,1,1,1,0,0,1,0,0,0,1,1,1,1,0,0,0,1,1,1,1,1,1,0,1,0,0,0,1,1,0,0,1,1,0,1,1,0,0,0,0,0,0,0
S0083,1,1,0,1,1,1,0,0,0,0,0,1,1,1,1,1,1,0,1,0,0,0,0,1,1,1,0,1,0,1,0,0,1,0,0,0,1,0,1,0,1,1,0,1,1,1,1,1,1,1
S0084,0,0,0,1,0,1,1,0,0,0,1,1,0,0,0,0,1,1,1,0,1,0,0,0,0,0,0,1,0,1,1,0,1,0,1,1,0,1,0,0,1,0,0,1,1,1,0,0,0,1
S0085,0,0,1,0,0,0,1,0,1,1,1,0,0,1,0,1,0,1,0,0,1,1,0,0,0,1,0,1,0,1,1,1,0,0,1,0,1,1,1,1,0,0,1,1,0,1,1,0,0,1
S0086,1,0,1,0,1,0,1,1,0,0,0,1,1,0,0,0,1,1,0,0,0,1,0,1,1,1,0,0,1,1,1,1,0,1,1,0,1,0,1,1,0,1,1,1,1,1,0,0,1,0
S0087,1,1,0,1,1,1,1,1,1,1,1,1,0,1,0,1,1,1,0,1,0,1,1,0,0,0,0,1,1,0,0,0,0,0,0,0,1,1,1,0,0,0,1,1,0,0,0,1,0,1
S0088,0,0,1,0,1,0,0,0,0,0,0,0,0,0,1,0,0,1,0,0,1,1,0,1,1,1,0,0,0,1,0,0,1,1,0,1,0,0,1,0,1,1,1,0,0,0,0,1,1,1
S0089,1,0,1,1,0,1,1,0,0,0,1,0,0,1,0,0,1,0,1,0,1,1,0,1,1,0,0,1,1,1,1,1,1,0,0,0,0,0,1,0,1,1,0,0,1,1,1,0,0,1
S0090,0,0,1,0,1,1,0,1,0,1,0,1,0,0,0,1,1,1,1,1,0,1,0,1,0,1,0,1,1,1,0,1,0,1,0,0,0,1,0,1,0,1,1,0,1,1,1,0,1,1
S0091,0,0,0,1,0,1,0,0,1,1,1,0,0,0,0,1,0,0,0,1,1,0,1,0,0,1,1,1,0,0,0,0,0,0,0,1,1,0,1,0,1,1,1,0,0,1,0,0,0,1
S0092,0,0,1,0,0,0,0,1,1,1,1,1,0,0,0,1,1,1,0,0,1,1,0,0,0,1,1,1,1,1,1,1,1,1,1,0,1,0,1,0,0,1,0,1,1,0,0,1,0,1
S0093,1,1,1,0,1,0,1,1,1,0,1,0,1,0,0,0,0,1,1,1,0,1,0,0,1,1,0,1,1,1,0,1,0,1,1,1,1,1,1,1,0,0,1,1,1,1,0,0,1,0
S0094,0,0,1,1,1,0,0,1,0,1,1,1,1,1,0,0,0,1,0,0,1,1,1,0,0,1,0,0,1,0,1,0,1,0,1,1,0,1,0,0,1,1,1,0,1,0,1,0,0,1
S0095,0,0,1,0,1,1,0,0,1,0,0,0,1,0,1,1,0,0,1,1,0,0,0,1,1,0,1,0,0,0,0,0,1,1,1,0,0,0,1,0,0,1,0,1,1,0,0,0,0,0
S0096,0,0,0,1,0,0,1,1,0,0,0,1,0,1,1,1,0,0,1,1,1,0,0,0,0,1,1,1,1,1,1,1,0,1,0,1,0,1,1,0,0,0,0,1,1,1,1,0,0,1
S0097,1,1,0,1,0,1,0,1,0,1,0,1,0,0,1,0,0,1,1,1,1,0,0,0,1,0,1,0,1,0,1,1,1,1,1,0,1,1,0,0,0,0,0,0,0,1,1,0,0,0
S0098,0,0,0,0,0,0,1,1,1,0,0,1,0,0,0,0,0,0,0,0,1,1,0,0,1,0,0,1,0,0,0,1,0,1,1,1,1,0,1,0,0,0,0,0,0,0,1,1,0,0
S0099,0,0,0,1,1,0,0,1,0,1,1,1,1,1,0,0,1,0,0,0,1,1,0,1,1,0,1,1,0,0,0,0,0,0,0,0,1,0,1,1,0,0,0,0,0,0,0,0,0,1
S0100,0,0,1,0,0,0,0,1,0,0,0,0,1,1,1,1,1,0,1,0,0,0,0,1,0,0,1,0,0,1,0,0,1,1,1,1,0,1,1,0,0,1,1,0,0,0,1,1,1,1
