Strain,Penicillin,Ampicillin,Ceftiofur,Enrofloxacin,Tetracycline,Doxycycline,Erythromycin,Tilmicosin,Gentamicin,Spectinomycin,Trimethoprim-Sulfa,Chloramphenicol,Florfenicol
SynStrain_001,5.726309343142862,4.419939260788769,0.32528416882380695,3.958001695363911,4.649134347878351,0.41011161217934516,0.7838853423079111,4.3334385462261045,0.24866678584142246,2.4743589542546798,10.905489881529459,3.0952995333437334,8.461131612095757
SynStrain_002,2.2091405494568797,1.5255829195870243,1.4463339085457936,4.57072718753046,6.303952323007952,10.770306189139717,1.1731922352993243,24.854388223519233,1.106207463546512,11.389746043335823,47.661548452542746,2.1521861659777537,0.6816438400137425
SynStrain_003,7.181676180595559,0.9847347135215817,1.6256833089454328,0.9801623258930254,13.798734219930887,65.57760795426482,8.338975838449995,9.840331847185984,2.7397469156347762,0.6196570683679973,0.33358707250616915,15.668825360056653,10.018254512757633
SynStrain_004,26.69682874114182,6.804025574431243,0.8159388187651585,3.851183662069004,13.206420040413276,12.79043838778092,6.790709297220168,2.138473389462882,2.9167526481922734,5.78963803031087,6.324644674151994,3.981391036740501,20.76890234113977
SynStrain_005,1.9131860434309904,12.762348130384337,2.1341563844419467,4.219044623779744,0.3442097558914673,0.2783001841008742,2.634379338412699,2.641840116403054,1.3838947308542175,1.2270508070881865,1.0243273428825725,4.51048187232902,5.053860237957207
SynStrain_006,1.9132331593957101,10.989279192382908,4.98322008365208,0.930971022764563,0.6658189049726385,1.3147530991498473,3.241353777062169,0.6042338138347715,6.919025240589687,0.8275305546257868,1.30906340612518,1.4654825161726892,45.38554756690656
SynStrain_007,29.044212072600462,0.7719571120546169,46.02933229304817,44.641403889546794,5.885860215055939,18.180811482966483,18.47645730724682,2.6438344220988954,0.5480270433494675,2.3151036507272065,1.1178521418781797,1.308119570864933,0.8515612933666941
SynStrain_008,8.59475465832033,1.7094666755471397,3.532008605749834,5.533106331182007,5.874840591898955,0.9403489977434183,1.1192322025077426,1.7629914286745927,2.1955460213423517,0.575300087148653,0.7437977261856351,1.4207184839595413,0.4202178318191969
SynStrain_009,1.3441857254028287,4.467795664706595,4.000124901807041,0.4552287469543035,5.885969861684056,5.289528662686172,6.175847201675423,4.410895987130635,3.255817667241534,1.1847431996891826,2.923502669985977,4.911985375635201,0.18860877678562601
SynStrain_010,6.133957060229663,11.743708973326843,2.431069116784276,7.277813057951861,879.2745882429593,8.688072257983158,2.0071403976411184,0.785962328885187,5.8805967866473985,0.4507615294379079,0.781589842108693,1.4455982919866242,25.63776519144842
SynStrain_011,1.3564533475990834,1.3247697135412295,0.15287161569472216,0.6300081612338745,6.400241768880857,0.6767890111062176,1.961046374168392,5.924046651424253,7.904421742511411,51.7843354646417,4.078320406844804,4.198226966581355,7.253966948460205
SynStrain_012,1.3517571918220304,2.0575409064595345,2.612295108445803,8.851853796484386,14.929639425740787,2.486091916126677,14.128093727146688,27.088475239104113,0.5031016017361369,2.8659369445425806,2.5209677001982294,61.13601878487117,2.5008307924130375
SynStrain_013,3.9076782799858325,0.5171085521657423,2.975301311101512,15.454394066565712,11.370276720484892,0.021027987087157616,9.375730824973848,2.3091044775535257,0.27221277537020483,0.9516211624532468,1.8994757550409038,10.041103867153863,4.136925749792209
SynStrain_014,0.1541359356354373,0.45189296236479765,109.38384048774243,0.7937208312137995,7.221674685862068,0.5847438084170028,9.20976610335783,4.9657660873552105,18.47678783859899,3.7470537559334143,0.6967382386510841,1.6668984794233976,0.5024628505942041
SynStrain_015,0.20446126211170076,9.196185086907155,2.036960106934532,11.531289813158628,1.6940059913660896,1.8610628940232752,19.26361745167873,7.653905095298798,4.4748418842289235,2.296779502619206,1.1443571109274988,16.47461783150741,106.55145024919891
SynStrain_016,1.1694911107770747,20.7876704236329,4.27302075332144,5.048905011673247,8.486306214007264,0.4182504877500209,2.8052867515020314,1.489096100881966,0.8845026186081105,1.9513971451203833,8.440882280415325,1.4738631405906006,3.2997007183902958
SynStrain_017,0.5949685806258384,2.439967739324779,2.580368828352946,9.328649348258633,0.8527935219547136,31.45685599020144,7.560440509470997,3.8043255527654427,27.84707581748397,6.829490340391593,5.762525200123398,0.12781302786393325,3.2030138410907645
SynStrain_018,4.355202026988514,12.24722458508215,0.47094354392445825,46.767544744359284,1.9055526850559965,0.3181564401727753,1.7067651693090748,2.77011435065668,3.2333280132047726,8.467722354060115,0.6272984422163099,0.5992182042140146,8.074007374934558
SynStrain_019,0.6962572232544268,4.676051408047167,15.093047718032384,1.8812149648304544,1.3125275139275558,1.4048538414749598,4.420485486942979,3.14720308164719,15.941818901343545,1.2266026548245887,3.1550314307418983,0.1642791964025241,5.5929889916759405
SynStrain_020,0.32678410613953757,1.0328483439608183,8.397210346046442,0.8775650050680751,3.073482271225823,3.30722961936216,2.2362165965059084,0.8525574553562314,3.008006966618998,1.1459942937827416,8.39033698758163,1.60436778240603,3.803136178256286
SynStrain_021,24.495101367667214,4.674365390891702,8.90442122785252,0.7158592966164168,87.5305477877298,23.615657220524817,3.1439939412729743,2.8200800226916387,59.80695074063224,1.799344540236699,0.2222154390133548,2.79442837524689,0.8305130113467832
SynStrain_022,1.9373780711973223,27.304590812925547,0.6948347842422397,0.7995426298848335,0.1651505513141821,0.31543796940683494,6.637501006160869,5.737350032210147,37.82655100773493,0.08604526817358986,6.141323597605861,33.60436497201246,5.513516019428039
SynStrain_023,3.0080508384700395,2.576059591536745,22.291188512336884,2.4214037545950977,7.609445355380262,15.560655237338691,0.7966570253650106,23.967899439057593,1.8711510519073644,0.2800501475943611,1.006082787049327,4.438831031768026,45.74290714921603
SynStrain_024,0.32074069715522024,28.41637273259462,0.33194811772553284,4.534559576101048,0.24193799448683392,2.760328216082885,62.71376202135195,11.460498839916978,11.673909872981234,21.121920789321905,6.397440592054007,1.9568757703986903,20.45301019043239
SynStrain_025,1.2013259597332344,0.05341745807863094,6.555377077287781,4.116635481343464,1.3392398827235317,0.6235895019236677,0.6010807030085872,68.70168228017835,7.156806946975119,32.054948481652644,0.8651185453319341,9.432001966951029,29.659424697954027
SynStrain_026,3.2103625817033765,9.326443538102815,72.65218307075787,9.400612752184617,13.921381496932398,5.436607317238886,0.43986697858248647,0.8598293459802555,21.17767024607639,1.8709492841891515,0.18135059161117173,0.09859813192846197,1.2626042908294468
SynStrain_027,0.4836032856418121,3.09742339306964,0.615202075131341,2.7718163790699872,2.9934304236661595,3.6641249318829097,15.443161905403368,10.059132768901163,0.6392976092393843,6.454873614177261,0.23661672125790484,3.8706476217506847,0.6160622715447279
SynStrain_028,4.7757308868032595,1.7358357093719523,1.162477386242846,24.053995498235405,0.5397672953207805,1.1048114470565655,8.9128498688726,3.578747964326484,7.607063244727746,4.3356660007161665,2.9215883386717874,8.639094644682979,2.250876328788682
SynStrain_029,1.1041126328077933,3.1194015259099883,3.1565417570020786,1.8276203219943759,0.9296421387883697,3.0183282770791777,6.932217347428128,72.58108856602134,13.298306951889751,275.4266121930376,4.013179229788927,0.2958569055715562,2.95526217206353
SynStrain_030,1.7549833598572966,0.13788250467253166,1.277348594217855,160.81485750319672,7.533777856746788,1.5250536727826687,6.976297025496461,0.8086028250453141,0.19434716096550483,14.575796325644024,0.7001400183992967,15.11414506807033,14.031254107844005
SynStrain_031,1.1023453888741395,1.9551993709117503,0.2655385777490462,6.94832776760146,0.9088729645187406,3.2228820888423306,2.6688024220634334,0.7713733639691572,0.4607554891472016,2.2436939956318196,7.0843539838948395,4.516532761156147,0.2146606339684488
SynStrain_032,43.746747919115414,4.64443095269257,3.0127234255041,0.7514607240026459,3.7610113013885735,7.3389516964655925,0.7075962918091031,1.1061782227376256,0.12760084744944755,0.6483590407115825,0.22485937022582977,1.4580036385344197,26.959223378424177
SynStrain_033,2.663801300223223,24.94918277400715,0.5524150734659251,0.5453438602201583,2.910595675895446,29.342155146252065,3.045627140085164,0.11238288897106763,1.814644804079171,0.24422399063402597,2.4617692580581694,7.022875848380785,2.1446752710496857
SynStrain_034,0.5562338979457958,1.249314089852113,5.53111070374228,5.605277826224728,1.022856781455218,0.4245509536662464,0.9843806992524081,1.235366228577891,7.97501383682071,3.688409936998163,0.441965126365084,81.94426218617697,1.4328685228835054
SynStrain_035,9.335434938620912,0.8083659582756287,0.6844522803105132,1.9441129807344268,67.75621121365884,66.65633307458775,11.736217813801092,0.8704900131967203,25.881685063128923,0.8741300481141185,1.0224951220342207,3.5708347164314547,0.5956175199996548
SynStrain_036,0.43549782587316854,1.2806457393931403,27.796263564984812,7.932757783967186,7.0348652311674185,0.14541963244799327,2.1801941397058657,3.406177448618086,3.0378261294692366,0.3219430654653146,2.9185823650639544,3.944534222226131,0.22711812831605463
SynStrain_037,3.7184071552188955,10.730639740710162,0.8395578132851792,5.52816777952935,0.130326312163219,2.164787831719893,0.7880089784723165,4.538669755243231,31.27826096416831,1.030599501936105,0.7477997521142083,1.3647327892597887,9.3442004296134
SynStrain_038,0.14377507412503995,4.450990539212863,1.6768343924377458,2.4369728431289555,3.5954942781033083,6.569750195152537,1.6785347454481878,45.34302036777109,0.3429563198429073,0.5366967767922232,1.5267887654901573,0.7597494628478585,3.0342884556554104
SynStrain_039,0.3707308047734732,1.2279666782109766,9.209870837906635,0.7632340255465832,1.0073471617627723,4.143280235812938,5.050045137738872,11.309417178495693,0.21117382720822864,34.14828798703332,12.298031560279625,9.445172125953444,0.3926088915202547
SynStrain_040,3.6520616867121336,5.870273054272894,0.42900080883872976,0.28019462246733423,9.763490817392748,1.0681740765379097,1.1669729463239726,1.1441299927247923,2.5009694873848654,10.200733560743037,1.144150220216724,0.7526719986344296,0.38960644758985324
SynStrain_041,8.22929105968921,3.14437871589444,3.8235904972138486,1.3912847097440102,0.8279677226619389,1.9893672522148413,0.7918917361042472,0.7063658270805859,4.836049524068001,2.6859676068312717,9.521364497460125,3.026326040204356,1.6426699741821202
SynStrain_042,3.5150453315682904,11.622786047386429,19.311757965542927,9.821738972701588,2.288497154682467,1.2975768946635542,3.9178021370457126,5.685270783324181,2.5881876399598744,25.026023121336262,0.49929394826560586,1.3277872432883773,33.232632105248214
SynStrain_043,2.285369176303107,0.9483044857317449,0.24384442686809274,3.74769362034126,5.79781381744651,1.1229429405027862,3.925327772492897,0.37517983403687977,0.12231407585578365,3.0527794217538875,6.017706862326016,5.575989211350208,1.8415598792825532
SynStrain_044,1.7303859162613817,1.662806404630738,3.585689511081643,0.4195350653758415,9.960554983262002,9.72211459299758,1.2707219924683553,42.401686983008815,2.3781430230760137,0.7468235733546479,23.62612121257124,4.48389979591841,0.28515726905159766
SynStrain_045,0.29588542255703676,1.5095895162109476,4.014144269760519,3.5246156285644576,0.4491292321090008,4.643754641261593,1.3410361233695889,15.945237273249843,0.3841568866846709,26.700602105092987,0.06670557474345776,12.888171031495753,1.8802136309518398
SynStrain_046,0.9233320922604125,0.30262150213694106,8.782264654180922,4.84513965550652,1.6458354806196571,0.9614003178689801,3.850006767292479,1.3447881910008594,7.422447267698744,6.100465413275082,0.8225525702350426,1.2648776545328213,1.8056391798818283
SynStrain_047,1.362119365234803,4.238377011240117,0.4251020308351956,0.7219595588713049,1.3331999544140507,10.479278311863233,0.3097076434150594,0.20810723200567335,4.710986665191205,0.5735734763208151,6.459863520868598,1.8133710961397,0.04758060948919024
SynStrain_048,13.2723555143962,4.021210224801503,0.3750541289257035,3.423240643202777,1.0202076154467477,4.3100490360077455,0.3291651555680553,20.713974337056687,0.6637699306773038,2.043148464155047,2.0045747047674647,0.6261623642669639,2.505673849661722
SynStrain_049,4.551366121369248,2.7392117183182974,5.9471513988743165,2.966293155992012,38.40475808655317,9.200825223680038,0.9252731091819699,2.2891721190146557,1.2575930597047402,0.730937457698092,4.743232237960589,1.3959289531496908,1.9224457522165974
SynStrain_050,0.19309746200751798,1.911941656799197,4.243876030742728,0.48945857549792654,4.990182920175853,6.989739324272267,1.9735407656517074,17.404424716765195,0.5549816200376144,0.3415710405918059,1.0985841561049254,4.787224176423066,7.723823760829074
